--
-- 
--

DELETE FROM PRODUCT;
DELETE FROM ADDRESS;
DELETE FROM PARTY;



INSERT INTO "party" (id,name,phone,fax,email) VALUES (1,'Donec Vitae Erat PC','1-862-761-5839','1-866-924-0950','dignissim.tempor.arcu@ascelerisque.edu');
INSERT INTO "party" (id,name,phone,fax,email) VALUES (2,'Nunc Commodo Auctor LLC','1-821-560-6666','1-194-877-2239','pede.ac.urna@luctusCurabituregestas.net');
INSERT INTO "party" (id,name,phone,fax,email) VALUES (3,'Feugiat Inc.','1-305-110-8572','983-3109','pharetra.Nam.ac@nullaat.co.uk');
INSERT INTO "party" (id,name,phone,fax,email) VALUES (4,'Aenean Egestas Hendrerit LLC','1-614-534-8355','1-820-920-3529','fringilla.mi@posuereenim.com');
INSERT INTO "party" (id,name,phone,fax,email) VALUES (5,'Sed Pede LLC','422-4504','107-9039','in.tempus.eu@pharetrased.com');
INSERT INTO "party" (id,name,phone,fax,email) VALUES (6,'Augue Id Ante LLP','1-324-563-3685','963-9613','augue.ac.ipsum@Curabiturconsequatlectus.ca');
INSERT INTO "party" (id,name,phone,fax,email) VALUES (7,'Penatibus Corp.','1-859-482-3205','1-985-658-7610','elit.pede.malesuada@magnaDuis.co.uk');
INSERT INTO "party" (id,name,phone,fax,email) VALUES (8,'Dignissim Consulting','1-394-735-0236','124-5224','sem@netusetmalesuada.net');
INSERT INTO "party" (id,name,phone,fax,email) VALUES (9,'Sit Amet Corporation','785-0514','707-1806','risus@penatibus.com');
INSERT INTO "party" (id,name,phone,fax,email) VALUES (10,'Duis PC','705-0657','961-6568','molestie.dapibus@ullamcorperviverraMaecenas.net');
INSERT INTO "party" (id,name,phone,fax,email) VALUES (11,'Lorem Company','1-282-469-1348','511-4815','pharetra@ametnulla.ca');
INSERT INTO "party" (id,name,phone,fax,email) VALUES (12,'Rhoncus Donec Associates','369-2525','1-120-182-0626','magna@sedturpisnec.ca');
INSERT INTO "party" (id,name,phone,fax,email) VALUES (13,'Nisl Incorporated','1-649-529-0817','1-959-182-2671','sed@vel.com');
INSERT INTO "party" (id,name,phone,fax,email) VALUES (14,'Nulla Ante PC','1-742-761-5620','424-7051','tristique@dapibus.ca');
INSERT INTO "party" (id,name,phone,fax,email) VALUES (15,'Velit Pellentesque Institute','490-6911','1-450-161-3488','lorem@Curabiturdictum.edu');
INSERT INTO "party" (id,name,phone,fax,email) VALUES (16,'Feugiat Institute','1-327-247-8417','1-704-528-6579','amet.lorem.semper@ante.ca');
INSERT INTO "party" (id,name,phone,fax,email) VALUES (17,'Fusce Feugiat Lorem Limited','418-0091','976-6332','ac.nulla.In@et.net');
INSERT INTO "party" (id,name,phone,fax,email) VALUES (18,'Sit Amet Limited','1-302-421-1798','1-170-636-4201','libero.Proin.mi@ultricies.edu');
INSERT INTO "party" (id,name,phone,fax,email) VALUES (19,'Tincidunt Associates','257-5120','261-6330','ante@Vestibulumut.com');
INSERT INTO "party" (id,name,phone,fax,email) VALUES (20,'Quam Incorporated','1-183-433-9911','692-1414','lectus.sit@quis.com');
INSERT INTO "party" (id,name,phone,fax,email) VALUES (21,'Phasellus Foundation','673-9125','1-181-513-9356','nec.mollis.vitae@liberoProin.ca');
INSERT INTO "party" (id,name,phone,fax,email) VALUES (22,'Vitae Sodales Nisi Industries','1-174-900-0422','1-240-141-1622','vel.mauris.Integer@Morbisit.com');
INSERT INTO "party" (id,name,phone,fax,email) VALUES (23,'Primis In Faucibus Associates','1-848-369-9807','316-6577','velit.Cras@egetdictum.co.uk');
INSERT INTO "party" (id,name,phone,fax,email) VALUES (24,'Tellus Imperdiet Non Ltd','615-9943','316-5376','risus.Morbi@loremfringilla.co.uk');
INSERT INTO "party" (id,name,phone,fax,email) VALUES (25,'Urna Nunc Quis Corp.','1-380-556-8448','513-3503','sapien.cursus@mauriseuelit.edu');
INSERT INTO "party" (id,name,phone,fax,email) VALUES (26,'Vulputate Dui Nec Ltd','1-758-533-9008','1-114-962-7754','ut@gravidasagittisDuis.org');
INSERT INTO "party" (id,name,phone,fax,email) VALUES (27,'Vulputate Dui Institute','1-497-189-3032','1-105-567-0159','consectetuer@adipiscingelit.edu');
INSERT INTO "party" (id,name,phone,fax,email) VALUES (28,'Mi Tempor Industries','737-6691','732-8951','Vivamus.euismod@Inscelerisque.edu');
INSERT INTO "party" (id,name,phone,fax,email) VALUES (29,'In Sodales Corporation','1-664-610-5660','1-903-365-1346','purus@risus.co.uk');
INSERT INTO "party" (id,name,phone,fax,email) VALUES (30,'Magna Suspendisse Company','1-491-831-6679','1-310-924-9004','purus.Duis@estmaurisrhoncus.ca');
INSERT INTO "party" (id,name,phone,fax,email) VALUES (31,'Tristique Senectus Industries','556-0180','1-699-146-6858','et@orciPhasellusdapibus.ca');
INSERT INTO "party" (id,name,phone,fax,email) VALUES (32,'Risus Nunc Ac Company','361-6749','864-2239','Nunc.lectus.pede@mollis.edu');
INSERT INTO "party" (id,name,phone,fax,email) VALUES (33,'Euismod Limited','1-860-468-0844','1-256-165-3717','non.cursus@nuncIn.com');
INSERT INTO "party" (id,name,phone,fax,email) VALUES (34,'Non Corporation','1-987-577-3970','1-391-602-3977','ipsum.cursus@egestas.co.uk');
INSERT INTO "party" (id,name,phone,fax,email) VALUES (35,'Enim LLP','148-5967','424-9487','ultricies.ligula@Proinvelnisl.com');
INSERT INTO "party" (id,name,phone,fax,email) VALUES (36,'Quisque PC','876-0514','782-5792','tincidunt@Aeneanegestashendrerit.co.uk');
INSERT INTO "party" (id,name,phone,fax,email) VALUES (37,'Ornare Egestas Ligula Corp.','775-8435','788-3607','eget.ipsum.Suspendisse@temporest.org');
INSERT INTO "party" (id,name,phone,fax,email) VALUES (38,'Eget Dictum Institute','451-9949','787-4077','nascetur@nonenimMauris.org');
INSERT INTO "party" (id,name,phone,fax,email) VALUES (39,'Sem Ut Dolor Company','199-2532','560-0572','lobortis.quam@vehicularisusNulla.edu');
INSERT INTO "party" (id,name,phone,fax,email) VALUES (40,'Orci Ut Inc.','1-322-641-9473','972-2955','mollis@IntegermollisInteger.com');
INSERT INTO "party" (id,name,phone,fax,email) VALUES (41,'Iaculis Aliquet Associates','885-2239','1-643-320-7184','accumsan.laoreet.ipsum@disparturientmontes.org');
INSERT INTO "party" (id,name,phone,fax,email) VALUES (42,'Quisque Purus Sapien Company','1-850-731-5621','1-858-484-9718','et.lacinia@magnisdis.ca');
INSERT INTO "party" (id,name,phone,fax,email) VALUES (43,'Ligula Company','349-2473','1-177-877-4066','Nullam.suscipit@mus.co.uk');
INSERT INTO "party" (id,name,phone,fax,email) VALUES (44,'Lorem LLC','655-4673','828-7704','dolor.sit@sitametante.edu');
INSERT INTO "party" (id,name,phone,fax,email) VALUES (45,'Sociosqu Industries','542-7485','369-2952','dis.parturient@idenimCurabitur.org');
INSERT INTO "party" (id,name,phone,fax,email) VALUES (46,'Magna Nec Quam Corporation','330-4485','1-413-595-1126','cursus@urna.ca');
INSERT INTO "party" (id,name,phone,fax,email) VALUES (47,'Eleifend Nunc Risus LLC','1-386-437-6822','407-9037','facilisis.facilisis.magna@Nunc.org');
INSERT INTO "party" (id,name,phone,fax,email) VALUES (48,'Facilisis Vitae Orci Corp.','1-287-711-6470','1-613-449-1220','diam@Pellentesque.ca');
INSERT INTO "party" (id,name,phone,fax,email) VALUES (49,'Imperdiet Erat Industries','1-920-992-5189','1-317-265-1510','Nam.ac@scelerisquescelerisque.org');
INSERT INTO "party" (id,name,phone,fax,email) VALUES (50,'Eleifend Non Limited','893-6118','225-1397','Nunc.ac@ultricesVivamus.co.uk');




INSERT INTO "address" (id,partyid,street1,street2,state,zipcode,countryid) VALUES (1, 1, 204,'P.O. Box 240, 6700 Amet Avenue','Franche-Comté','01300',250);
INSERT INTO "address" (id,partyid,street1,street2,state,zipcode,countryid) VALUES (2, 2, 65,'5621 Semper, Rd.','PO','34435',250);
INSERT INTO "address" (id,partyid,street1,street2,state,zipcode,countryid) VALUES (3, 3, 133,'4325 In Rd.','DN','F37 9KT',826);
INSERT INTO "address" (id,partyid,street1,street2,state,zipcode,countryid) VALUES (4, 4, 51,'P.O. Box 956, 9106 Commodo Rd.','Alsace','95209',250);
INSERT INTO "address" (id,partyid,street1,street2,state,zipcode,countryid) VALUES (5, 5, 491,'Ap #138-1680 Nec, Rd.','Dumfriesshire','OK14 2UH',826);
INSERT INTO "address" (id,partyid,street1,street2,state,zipcode,countryid) VALUES (6, 6, 68,'4509 Scelerisque St.','Lombardia','66800',380);
INSERT INTO "address" (id,partyid,street1,street2,state,zipcode,countryid) VALUES (7, 7, 47,'700-7805 Cras Ave','Schleswig-Holstein','11116',276);
INSERT INTO "address" (id,partyid,street1,street2,state,zipcode,countryid) VALUES (8, 8, 42,'Ap #149-923 Consectetuer St.','Molise','90902',380);
INSERT INTO "address" (id,partyid,street1,street2,state,zipcode,countryid) VALUES (9, 9, 463,'361-1784 Tellus Av.','VE','74702',380);
INSERT INTO "address" (id,partyid,street1,street2,state,zipcode,countryid) VALUES (10, 10, 208,'Ap #950-9522 Est, St.','MI','96471',250);
INSERT INTO "address" (id,partyid,street1,street2,state,zipcode,countryid) VALUES (11, 11, 430,'1494 Convallis, Ave','BA','25367',380);
INSERT INTO "address" (id,partyid,street1,street2,state,zipcode,countryid) VALUES (12, 12, 65,'P.O. Box 535, 8864 Dolor. Road','Toscana','85213',380);
INSERT INTO "address" (id,partyid,street1,street2,state,zipcode,countryid) VALUES (13, 13, 369,'116-4243 Molestie St.','AY','ML99 8FU',826);
INSERT INTO "address" (id,partyid,street1,street2,state,zipcode,countryid) VALUES (14, 14, 234,'4715 Amet St.','Franche-Comté','59300',250);
INSERT INTO "address" (id,partyid,street1,street2,state,zipcode,countryid) VALUES (15, 15, 302,'667 Pharetra St.','ER','47386',380);
INSERT INTO "address" (id,partyid,street1,street2,state,zipcode,countryid) VALUES (16, 16, 329,'P.O. Box 472, 221 Orci Rd.','Calabria','95398',380);
INSERT INTO "address" (id,partyid,street1,street2,state,zipcode,countryid) VALUES (17, 17, 488,'Ap #626-9962 Dignissim Ave','BA','66131',380);
INSERT INTO "address" (id,partyid,street1,street2,state,zipcode,countryid) VALUES (18, 18, 59,'Ap #937-681 Arcu Avenue','PI','86463',380);
INSERT INTO "address" (id,partyid,street1,street2,state,zipcode,countryid) VALUES (19, 19, 357,'P.O. Box 537, 573 Nunc St.','Midi-Pyrénées','79731',250);
INSERT INTO "address" (id,partyid,street1,street2,state,zipcode,countryid) VALUES (20, 20, 409,'678-2511 Molestie Street','Brandenburg','72065',276);
INSERT INTO "address" (id,partyid,street1,street2,state,zipcode,countryid) VALUES (21, 21, 160,'P.O. Box 664, 9286 Eu, St.','SA','70042',380);
INSERT INTO "address" (id,partyid,street1,street2,state,zipcode,countryid) VALUES (22, 22, 77,'Ap #336-9503 Pellentesque Avenue','Hampshire','HT6G 8JS',826);
INSERT INTO "address" (id,partyid,street1,street2,state,zipcode,countryid) VALUES (23, 23, 209,'6833 Rutrum St.','Franche-Comté','87701',250);
INSERT INTO "address" (id,partyid,street1,street2,state,zipcode,countryid) VALUES (24, 24, 355,'Ap #477-3433 Feugiat Avenue','Languedoc-Roussillon','86636',250);
INSERT INTO "address" (id,partyid,street1,street2,state,zipcode,countryid) VALUES (25, 25, 240,'593-9688 Egestas St.','Baden','43710',276);
INSERT INTO "address" (id,partyid,street1,street2,state,zipcode,countryid) VALUES (26, 26, 391,'P.O. Box 433, 6800 Ligula. Road','HE','74822',276);
INSERT INTO "address" (id,partyid,street1,street2,state,zipcode,countryid) VALUES (27, 27, 388,'Ap #700-1866 Vulputate, Road','PI','76034',250);
INSERT INTO "address" (id,partyid,street1,street2,state,zipcode,countryid) VALUES (28, 28, 323,'Ap #773-4502 Proin Ave','HB','77547',276);
INSERT INTO "address" (id,partyid,street1,street2,state,zipcode,countryid) VALUES (29, 29, 265,'5299 Eget Rd.','Lombardia','93558',380);
INSERT INTO "address" (id,partyid,street1,street2,state,zipcode,countryid) VALUES (30, 30, 116,'Ap #131-8400 Nibh Street','Kinross-shire','BD02 5JC',826);
INSERT INTO "address" (id,partyid,street1,street2,state,zipcode,countryid) VALUES (31, 31, 479,'Ap #539-6542 Ligula St.','IL','31579',250);
INSERT INTO "address" (id,partyid,street1,street2,state,zipcode,countryid) VALUES (32, 32, 322,'9791 Aliquam St.','UM','04562',380);
INSERT INTO "address" (id,partyid,street1,street2,state,zipcode,countryid) VALUES (33, 33, 93,'Ap #651-3307 Purus. Street','Rhineland-Palatinate','06695',276);
INSERT INTO "address" (id,partyid,street1,street2,state,zipcode,countryid) VALUES (34, 34, 128,'194-1268 Nunc Av.','Languedoc-Roussillon','10838',250);
INSERT INTO "address" (id,partyid,street1,street2,state,zipcode,countryid) VALUES (35, 35, 91,'Ap #168-3391 Consequat, Rd.','Lazio','03737',380);
INSERT INTO "address" (id,partyid,street1,street2,state,zipcode,countryid) VALUES (36, 36, 299,'153-1981 Orci Street','Baden','67669',276);
INSERT INTO "address" (id,partyid,street1,street2,state,zipcode,countryid) VALUES (37, 37, 16,'Ap #715-6973 Interdum. Avenue','Languedoc-Roussillon','83390',250);
INSERT INTO "address" (id,partyid,street1,street2,state,zipcode,countryid) VALUES (38, 38, 176,'923-2880 Lorem Rd.','Friuli-Venezia Giulia','30381',380);
INSERT INTO "address" (id,partyid,street1,street2,state,zipcode,countryid) VALUES (39, 39, 236,'4823 Donec Ave','Haute-Normandie','79940',250);
INSERT INTO "address" (id,partyid,street1,street2,state,zipcode,countryid) VALUES (40, 40, 151,'Ap #844-639 Eget, St.','Liguria','60459',380);
INSERT INTO "address" (id,partyid,street1,street2,state,zipcode,countryid) VALUES (41, 41, 116,'5518 Ornare, St.','Schleswig-Holstein','50783',276);
INSERT INTO "address" (id,partyid,street1,street2,state,zipcode,countryid) VALUES (42, 42, 444,'9335 Nisl Rd.','CE','08382',250);
INSERT INTO "address" (id,partyid,street1,street2,state,zipcode,countryid) VALUES (43, 43, 19,'180-8487 Massa. Avenue','Devon','CO04 2HX',826);
INSERT INTO "address" (id,partyid,street1,street2,state,zipcode,countryid) VALUES (44, 44, 267,'P.O. Box 739, 4537 Accumsan Street','MI','69485',250);
INSERT INTO "address" (id,partyid,street1,street2,state,zipcode,countryid) VALUES (45, 45, 378,'Ap #424-2455 Tincidunt St.','Sicilia','51989',380);
INSERT INTO "address" (id,partyid,street1,street2,state,zipcode,countryid) VALUES (46, 46, 221,'3777 Nascetur Road','Fife','JB39 5ZE',826);
INSERT INTO "address" (id,partyid,street1,street2,state,zipcode,countryid) VALUES (47, 47, 392,'Ap #987-4848 Fringilla St.','Saxony-Anhalt','51018',276);
INSERT INTO "address" (id,partyid,street1,street2,state,zipcode,countryid) VALUES (48, 48, 123,'970-6745 Dui Street','MV','52597',276);
INSERT INTO "address" (id,partyid,street1,street2,state,zipcode,countryid) VALUES (49, 49, 464,'6666 Odio Avenue','Midi-Pyrénées','45071',250);
INSERT INTO "address" (id,partyid,street1,street2,state,zipcode,countryid) VALUES (50, 50, 445,'697 Dapibus Avenue','Hamburg','69206',276);
INSERT INTO "address" (id,partyid,street1,street2,state,zipcode,countryid) VALUES (51, 1, 313,'Ap #630-8258 Lorem, Ave','PI','24001',380);
INSERT INTO "address" (id,partyid,street1,street2,state,zipcode,countryid) VALUES (52, 2, 123,'Ap #359-8779 Mauris Avenue','Angus','TJ2N 4YG',826);
INSERT INTO "address" (id,partyid,street1,street2,state,zipcode,countryid) VALUES (53, 3, 246,'2488 Quis Av.','BY','39192',276);
INSERT INTO "address" (id,partyid,street1,street2,state,zipcode,countryid) VALUES (54, 4, 174,'Ap #144-9716 Nam Avenue','NW','21341',276);
INSERT INTO "address" (id,partyid,street1,street2,state,zipcode,countryid) VALUES (55, 5, 146,'9212 Aliquam St.','Molise','16706',380);
INSERT INTO "address" (id,partyid,street1,street2,state,zipcode,countryid) VALUES (56, 6, 192,'2419 Ornare, Rd.','Bavaria','24107',276);
INSERT INTO "address" (id,partyid,street1,street2,state,zipcode,countryid) VALUES (57, 7, 127,'612-2890 Mauris St.','Corse','43320',250);
INSERT INTO "address" (id,partyid,street1,street2,state,zipcode,countryid) VALUES (58, 8, 155,'P.O. Box 725, 480 Massa. Rd.','Nord-Pas-de-Calais','19635',250);
INSERT INTO "address" (id,partyid,street1,street2,state,zipcode,countryid) VALUES (59, 9, 24,'Ap #402-322 Tempus, Avenue','Essex','N6V 2PP',826);
INSERT INTO "address" (id,partyid,street1,street2,state,zipcode,countryid) VALUES (60, 10, 251,'814-8190 At Ave','PR','23233',250);
INSERT INTO "address" (id,partyid,street1,street2,state,zipcode,countryid) VALUES (61, 11, 366,'7245 Aliquam Av.','Huntingdonshire','A6 9NR',826);
INSERT INTO "address" (id,partyid,street1,street2,state,zipcode,countryid) VALUES (62, 12, 66,'P.O. Box 942, 2546 Libero. St.','Kent','PC3 2BR',826);
INSERT INTO "address" (id,partyid,street1,street2,state,zipcode,countryid) VALUES (63, 13, 399,'9392 Dui. Street','MO','53850',380);
INSERT INTO "address" (id,partyid,street1,street2,state,zipcode,countryid) VALUES (64, 14, 201,'656-646 Venenatis Rd.','TA','92701',380);
INSERT INTO "address" (id,partyid,street1,street2,state,zipcode,countryid) VALUES (65, 15, 233,'560-7328 Sed St.','Baden','03725',276);
INSERT INTO "address" (id,partyid,street1,street2,state,zipcode,countryid) VALUES (66, 16, 480,'Ap #376-2275 Morbi St.','Brandenburg','78329',276);
INSERT INTO "address" (id,partyid,street1,street2,state,zipcode,countryid) VALUES (67, 17, 385,'280-1397 Eget St.','NW','34938',276);
INSERT INTO "address" (id,partyid,street1,street2,state,zipcode,countryid) VALUES (68, 18, 138,'3843 Sed Rd.','BA','28340',250);
INSERT INTO "address" (id,partyid,street1,street2,state,zipcode,countryid) VALUES (69, 19, 271,'203-1960 Vulputate, Av.','Valle d''Aosta','65593',380);
INSERT INTO "address" (id,partyid,street1,street2,state,zipcode,countryid) VALUES (70, 20, 454,'P.O. Box 204, 4027 Libero Street','Piemonte','60091',380);
INSERT INTO "address" (id,partyid,street1,street2,state,zipcode,countryid) VALUES (71, 21, 420,'860-815 Pellentesque. Rd.','Schleswig-Holstein','77342',276);
INSERT INTO "address" (id,partyid,street1,street2,state,zipcode,countryid) VALUES (72, 22, 153,'3544 Malesuada Avenue','Rhineland-Palatinate','72790',276);
INSERT INTO "address" (id,partyid,street1,street2,state,zipcode,countryid) VALUES (73, 23, 42,'Ap #538-5592 Diam Rd.','CA','WZ1L 2SP',826);
INSERT INTO "address" (id,partyid,street1,street2,state,zipcode,countryid) VALUES (74, 24, 92,'289-1778 Facilisis St.','KE','TS9 2QC',826);
INSERT INTO "address" (id,partyid,street1,street2,state,zipcode,countryid) VALUES (75, 25, 231,'658-9293 Lacus. St.','PU','21594',380);
INSERT INTO "address" (id,partyid,street1,street2,state,zipcode,countryid) VALUES (76, 26, 223,'P.O. Box 656, 7204 Sem Street','AU','65288',250);
INSERT INTO "address" (id,partyid,street1,street2,state,zipcode,countryid) VALUES (77, 27, 210,'2259 Sed, Ave','LO','17303',250);
INSERT INTO "address" (id,partyid,street1,street2,state,zipcode,countryid) VALUES (78, 28, 33,'Ap #601-5542 Sapien. St.','ER','73512',380);
INSERT INTO "address" (id,partyid,street1,street2,state,zipcode,countryid) VALUES (79, 29, 199,'Ap #580-9661 Bibendum. Avenue','LO','14760',250);
INSERT INTO "address" (id,partyid,street1,street2,state,zipcode,countryid) VALUES (80, 30, 463,'489-4416 Parturient Street','CA','31629',380);
INSERT INTO "address" (id,partyid,street1,street2,state,zipcode,countryid) VALUES (81, 31, 86,'339-6345 Fringilla Av.','LO','46159',380);
INSERT INTO "address" (id,partyid,street1,street2,state,zipcode,countryid) VALUES (82, 32, 466,'Ap #642-504 Molestie Street','RU','NA9H 5JF',826);
INSERT INTO "address" (id,partyid,street1,street2,state,zipcode,countryid) VALUES (83, 33, 404,'555-2335 Sit St.','Pembrokeshire','F8R 1KB',826);
INSERT INTO "address" (id,partyid,street1,street2,state,zipcode,countryid) VALUES (84, 34, 238,'P.O. Box 577, 9597 Mollis Street','Dorset','SQ28 0NL',826);
INSERT INTO "address" (id,partyid,street1,street2,state,zipcode,countryid) VALUES (85, 35, 46,'819 Consectetuer Road','SI','70874',380);
INSERT INTO "address" (id,partyid,street1,street2,state,zipcode,countryid) VALUES (86, 36, 334,'Ap #706-9160 Eu Street','CO','97947',250);
INSERT INTO "address" (id,partyid,street1,street2,state,zipcode,countryid) VALUES (87, 37, 492,'Ap #610-743 Sed Av.','HE','95946',276);
INSERT INTO "address" (id,partyid,street1,street2,state,zipcode,countryid) VALUES (88, 38, 448,'656-8578 Pharetra. Rd.','Basilicata','69956',380);
INSERT INTO "address" (id,partyid,street1,street2,state,zipcode,countryid) VALUES (89, 39, 165,'Ap #765-1940 Ante. Street','Provence-Alpes-Côte d''Azur','57944',250);
INSERT INTO "address" (id,partyid,street1,street2,state,zipcode,countryid) VALUES (90, 40, 352,'546-4668 Sed Ave','AB','RO1 2AT',826);
INSERT INTO "address" (id,partyid,street1,street2,state,zipcode,countryid) VALUES (91, 41, 453,'9472 A Ave','Yorkshire','EX4W 5XZ',826);
INSERT INTO "address" (id,partyid,street1,street2,state,zipcode,countryid) VALUES (92, 42, 131,'9727 Sed St.','Wiltshire','HB4 5RC',826);
INSERT INTO "address" (id,partyid,street1,street2,state,zipcode,countryid) VALUES (93, 43, 452,'103-9574 Torquent Avenue','Limousin','11235',250);
INSERT INTO "address" (id,partyid,street1,street2,state,zipcode,countryid) VALUES (94, 44, 185,'P.O. Box 485, 4087 Porta Rd.','PR','79042',250);
INSERT INTO "address" (id,partyid,street1,street2,state,zipcode,countryid) VALUES (95, 45, 6,'8978 Mauris, Road','CH','24388',250);
INSERT INTO "address" (id,partyid,street1,street2,state,zipcode,countryid) VALUES (96, 46, 60,'Ap #713-5529 Eros Road','Corse','42129',250);
INSERT INTO "address" (id,partyid,street1,street2,state,zipcode,countryid) VALUES (97, 47, 423,'303-2048 Mollis. Avenue','Ross-shire','H44 4OM',826);
INSERT INTO "address" (id,partyid,street1,street2,state,zipcode,countryid) VALUES (98, 48, 221,'389-3658 Accumsan Rd.','Nord-Pas-de-Calais','03865',250);
INSERT INTO "address" (id,partyid,street1,street2,state,zipcode,countryid) VALUES (99, 49, 326,'776-8386 Mollis Rd.','Aquitaine','33518',250);
INSERT INTO "address" (id,partyid,street1,street2,state,zipcode,countryid) VALUES (100, 50, 14,'2431 Sagittis Av.','Mecklenburg-Vorpommern','31431',276);


INSERT INTO product (title,description,skucode,unitprice) VALUES ('senectus et netus et','lobortis augue scelerisque mollis. Phasellus libero mauris, aliquam eu, accumsan sed, facilisis vitae, orci. Phasellus dapibus quam quis diam.','GTC2272','62.47');
INSERT INTO product (title,description,skucode,unitprice) VALUES ('arcu et pede. Nunc sed','adipiscing lobortis risus. In mi pede, nonummy ut, molestie in, tempus eu, ligula. Aenean euismod mauris eu elit. Nulla facilisi.','WUW0166','86.94');
INSERT INTO product (title,description,skucode,unitprice) VALUES ('Cum sociis natoque penatibus','pellentesque massa lobortis ultrices. Vivamus rhoncus. Donec est. Nunc ullamcorper, velit','NTY8872','88.53');
INSERT INTO product (title,description,skucode,unitprice) VALUES ('aliquet, metus urna convallis erat,','elit, pretium et, rutrum non, hendrerit id, ante. Nunc mauris sapien, cursus in, hendrerit consectetuer, cursus et, magna. Praesent interdum','YZP7533','57.82');
INSERT INTO product (title,description,skucode,unitprice) VALUES ('ac urna. Ut','Maecenas mi felis, adipiscing fringilla, porttitor vulputate, posuere vulputate, lacus. Cras','YMW8264','26.91');
INSERT INTO product (title,description,skucode,unitprice) VALUES ('vel quam dignissim pharetra.','Cum sociis natoque penatibus et magnis dis parturient montes, nascetur ridiculus mus. Proin vel nisl. Quisque fringilla euismod','GJK3438','3.16');
INSERT INTO product (title,description,skucode,unitprice) VALUES ('Nunc commodo auctor velit.','posuere at, velit. Cras lorem lorem, luctus ut, pellentesque eget, dictum placerat, augue. Sed molestie. Sed id','VIF3851','27.53');
INSERT INTO product (title,description,skucode,unitprice) VALUES ('fringilla ornare placerat, orci lacus','non, hendrerit id, ante. Nunc mauris sapien, cursus in, hendrerit consectetuer, cursus et, magna. Praesent interdum ligula eu','SJQ4088','6.02');
INSERT INTO product (title,description,skucode,unitprice) VALUES ('enim. Mauris quis turpis','ut, sem. Nulla interdum. Curabitur dictum. Phasellus in felis. Nulla tempor augue ac ipsum. Phasellus vitae mauris','SMH5128','72.94');
INSERT INTO product (title,description,skucode,unitprice) VALUES ('ac facilisis facilisis, magna','vulputate, risus a ultricies adipiscing, enim mi tempor lorem, eget mollis lectus pede et','ULS9561','90.09');
INSERT INTO product (title,description,skucode,unitprice) VALUES ('vestibulum lorem, sit amet ultricies','ridiculus mus. Donec dignissim magna a tortor. Nunc commodo auctor velit. Aliquam nisl. Nulla eu neque pellentesque','ORF8472','7.05');
INSERT INTO product (title,description,skucode,unitprice) VALUES ('dapibus ligula. Aliquam erat','ac turpis egestas. Fusce aliquet magna a neque. Nullam ut nisi a odio semper cursus. Integer mollis. Integer tincidunt aliquam','WMV7003','6.19');
INSERT INTO product (title,description,skucode,unitprice) VALUES ('volutpat. Nulla facilisis.','id, blandit at, nisi. Cum sociis natoque penatibus et magnis','ENT4078','20.43');
INSERT INTO product (title,description,skucode,unitprice) VALUES ('dignissim tempor arcu.','magna. Duis dignissim tempor arcu. Vestibulum ut eros non enim commodo hendrerit. Donec porttitor tellus','BZF0865','77.16');
INSERT INTO product (title,description,skucode,unitprice) VALUES ('scelerisque scelerisque dui.','Aliquam nec enim. Nunc ut erat. Sed nunc est, mollis non, cursus non, egestas a, dui. Cras pellentesque.','CLD4093','0.66');
INSERT INTO product (title,description,skucode,unitprice) VALUES ('lacus. Mauris non dui nec','dictum mi, ac mattis velit justo nec ante. Maecenas mi felis, adipiscing','GKT1954','89.85');
INSERT INTO product (title,description,skucode,unitprice) VALUES ('quis turpis vitae purus gravida','ipsum nunc id enim. Curabitur massa. Vestibulum accumsan neque et nunc. Quisque ornare tortor at risus. Nunc ac sem','YJC9012','20.83');
INSERT INTO product (title,description,skucode,unitprice) VALUES ('ipsum primis in faucibus orci','quam. Pellentesque habitant morbi tristique senectus et netus et malesuada','AMP2808','80.10');
INSERT INTO product (title,description,skucode,unitprice) VALUES ('natoque penatibus et magnis dis','et ultrices posuere cubilia Curae; Phasellus ornare. Fusce mollis. Duis sit amet diam eu dolor egestas rhoncus. Proin nisl','SLU4744','0.47');
INSERT INTO product (title,description,skucode,unitprice) VALUES ('elit, pretium et,','libero nec ligula consectetuer rhoncus. Nullam velit dui, semper et, lacinia vitae, sodales at,','EIK6851','11.78');
INSERT INTO product (title,description,skucode,unitprice) VALUES ('Sed malesuada augue ut lacus.','Mauris non dui nec urna suscipit nonummy. Fusce fermentum fermentum arcu. Vestibulum ante ipsum','ENE0787','65.22');
INSERT INTO product (title,description,skucode,unitprice) VALUES ('lectus pede, ultrices a,','egestas hendrerit neque. In ornare sagittis felis. Donec tempor, est ac mattis semper, dui lectus rutrum','CLQ8187','80.46');
INSERT INTO product (title,description,skucode,unitprice) VALUES ('primis in faucibus','Mauris quis turpis vitae purus gravida sagittis. Duis gravida. Praesent eu nulla at sem','XEC6253','33.26');
INSERT INTO product (title,description,skucode,unitprice) VALUES ('eget nisi dictum augue','Nulla eget metus eu erat semper rutrum. Fusce dolor quam, elementum at, egestas a, scelerisque sed, sapien. Nunc pulvinar','WGL4081','14.43');
INSERT INTO product (title,description,skucode,unitprice) VALUES ('Vestibulum ante ipsum','Suspendisse sagittis. Nullam vitae diam. Proin dolor. Nulla semper tellus id nunc interdum feugiat. Sed nec metus','FMO8694','9.58');
INSERT INTO product (title,description,skucode,unitprice) VALUES ('Nulla tempor augue','porta elit, a feugiat tellus lorem eu metus. In lorem. Donec elementum, lorem ut aliquam','BNZ7815','61.79');
INSERT INTO product (title,description,skucode,unitprice) VALUES ('consectetuer adipiscing elit.','diam. Duis mi enim, condimentum eget, volutpat ornare, facilisis eget, ipsum.','NHF9839','50.68');
INSERT INTO product (title,description,skucode,unitprice) VALUES ('pede sagittis augue, eu','cursus non, egestas a, dui. Cras pellentesque. Sed dictum. Proin eget odio. Aliquam vulputate ullamcorper magna.','AHY4883','51.16');
INSERT INTO product (title,description,skucode,unitprice) VALUES ('at, velit. Cras','Duis cursus, diam at pretium aliquet, metus urna convallis erat, eget tincidunt dui augue eu tellus. Phasellus elit pede,','FFK6578','7.14');
INSERT INTO product (title,description,skucode,unitprice) VALUES ('sagittis. Nullam vitae diam. Proin','Nunc pulvinar arcu et pede. Nunc sed orci lobortis augue scelerisque mollis. Phasellus libero mauris, aliquam','FST8256','71.23');
INSERT INTO product (title,description,skucode,unitprice) VALUES ('feugiat nec, diam.','Duis at lacus. Quisque purus sapien, gravida non, sollicitudin a, malesuada','OFF2455','51.37');
INSERT INTO product (title,description,skucode,unitprice) VALUES ('gravida sit amet, dapibus','et, lacinia vitae, sodales at, velit. Pellentesque ultricies dignissim lacus. Aliquam rutrum','MAV3632','85.84');
INSERT INTO product (title,description,skucode,unitprice) VALUES ('sed, sapien. Nunc pulvinar arcu','mollis lectus pede et risus. Quisque libero lacus, varius et, euismod et, commodo at, libero. Morbi accumsan laoreet ipsum.','BQP1889','94.74');
INSERT INTO product (title,description,skucode,unitprice) VALUES ('orci tincidunt adipiscing. Mauris','magna et ipsum cursus vestibulum. Mauris magna. Duis dignissim tempor','BXN7432','1.34');
INSERT INTO product (title,description,skucode,unitprice) VALUES ('massa non ante bibendum','Aliquam tincidunt, nunc ac mattis ornare, lectus ante dictum mi, ac mattis','OVH9492','10.56');
INSERT INTO product (title,description,skucode,unitprice) VALUES ('Aliquam ultrices iaculis odio.','adipiscing lacus. Ut nec urna et arcu imperdiet ullamcorper. Duis at lacus.','JNA2296','9.75');
INSERT INTO product (title,description,skucode,unitprice) VALUES ('fermentum convallis ligula. Donec luctus','tincidunt adipiscing. Mauris molestie pharetra nibh. Aliquam ornare, libero at auctor ullamcorper, nisl','PDA8863','0.39');
INSERT INTO product (title,description,skucode,unitprice) VALUES ('vulputate, risus a ultricies','sem eget massa. Suspendisse eleifend. Cras sed leo. Cras vehicula','CNT7921','92.27');
INSERT INTO product (title,description,skucode,unitprice) VALUES ('Sed neque. Sed eget lacus.','mauris. Morbi non sapien molestie orci tincidunt adipiscing. Mauris molestie pharetra nibh. Aliquam ornare, libero at auctor ullamcorper,','QDF4165','98.18');
INSERT INTO product (title,description,skucode,unitprice) VALUES ('vulputate, posuere vulputate, lacus. Cras','tincidunt adipiscing. Mauris molestie pharetra nibh. Aliquam ornare, libero at','CAA5064','55.12');
INSERT INTO product (title,description,skucode,unitprice) VALUES ('odio vel est tempor','magna. Nam ligula elit, pretium et, rutrum non, hendrerit id, ante. Nunc mauris sapien, cursus in, hendrerit consectetuer, cursus','LFE8393','79.87');
INSERT INTO product (title,description,skucode,unitprice) VALUES ('Nam consequat dolor vitae dolor.','egestas. Aliquam nec enim. Nunc ut erat. Sed nunc est, mollis','NZK6595','44.31');
INSERT INTO product (title,description,skucode,unitprice) VALUES ('magna, malesuada vel, convallis in,','dolor, tempus non, lacinia at, iaculis quis, pede. Praesent eu dui. Cum sociis natoque','QOM9968','5.72');
INSERT INTO product (title,description,skucode,unitprice) VALUES ('Nam porttitor scelerisque neque.','augue. Sed molestie. Sed id risus quis diam luctus lobortis. Class aptent','KCE8306','84.95');
INSERT INTO product (title,description,skucode,unitprice) VALUES ('Class aptent taciti','ipsum ac mi eleifend egestas. Sed pharetra, felis eget varius ultrices, mauris ipsum porta elit, a feugiat tellus','AOD6821','59.11');
INSERT INTO product (title,description,skucode,unitprice) VALUES ('dis parturient montes, nascetur','risus. Donec egestas. Duis ac arcu. Nunc mauris. Morbi non sapien molestie orci tincidunt','KMG7341','16.62');
INSERT INTO product (title,description,skucode,unitprice) VALUES ('massa. Mauris vestibulum, neque sed','Ut nec urna et arcu imperdiet ullamcorper. Duis at lacus. Quisque purus sapien, gravida non,','ZVV1948','69.62');
INSERT INTO product (title,description,skucode,unitprice) VALUES ('nulla at sem molestie','at fringilla purus mauris a nunc. In at pede. Cras vulputate velit eu','OFU7003','89.79');
INSERT INTO product (title,description,skucode,unitprice) VALUES ('mi. Duis risus','Phasellus elit pede, malesuada vel, venenatis vel, faucibus id, libero. Donec consectetuer mauris','OJO0110','0.85');
INSERT INTO product (title,description,skucode,unitprice) VALUES ('Aliquam rutrum lorem','per conubia nostra, per inceptos hymenaeos. Mauris ut quam vel sapien','QSO2555','43.57');
INSERT INTO product (title,description,skucode,unitprice) VALUES ('aliquet molestie tellus. Aenean','Duis volutpat nunc sit amet metus. Aliquam erat volutpat. Nulla facilisis. Suspendisse commodo tincidunt nibh.','LPC8348','98.08');
INSERT INTO product (title,description,skucode,unitprice) VALUES ('arcu. Nunc mauris. Morbi','Nulla eget metus eu erat semper rutrum. Fusce dolor quam, elementum at, egestas a, scelerisque sed, sapien. Nunc pulvinar arcu','HLY3613','12.37');
INSERT INTO product (title,description,skucode,unitprice) VALUES ('ut eros non enim','Ut tincidunt vehicula risus. Nulla eget metus eu erat semper rutrum. Fusce dolor quam, elementum at, egestas','TCQ6991','91.44');
INSERT INTO product (title,description,skucode,unitprice) VALUES ('lobortis augue scelerisque mollis. Phasellus','gravida sagittis. Duis gravida. Praesent eu nulla at sem molestie sodales. Mauris blandit enim consequat purus. Maecenas','HUW7366','63.37');
INSERT INTO product (title,description,skucode,unitprice) VALUES ('purus sapien, gravida non,','Mauris vel turpis. Aliquam adipiscing lobortis risus. In mi pede, nonummy','FGE1011','29.15');
INSERT INTO product (title,description,skucode,unitprice) VALUES ('odio tristique pharetra. Quisque','in, cursus et, eros. Proin ultrices. Duis volutpat nunc sit amet metus. Aliquam erat volutpat. Nulla facilisis. Suspendisse','VYX9662','13.76');
INSERT INTO product (title,description,skucode,unitprice) VALUES ('nonummy. Fusce fermentum','nec urna et arcu imperdiet ullamcorper. Duis at lacus. Quisque purus sapien, gravida non, sollicitudin','BGE0500','23.59');
INSERT INTO product (title,description,skucode,unitprice) VALUES ('eu odio tristique','nisl. Quisque fringilla euismod enim. Etiam gravida molestie arcu. Sed eu nibh vulputate','BMX4426','14.50');
INSERT INTO product (title,description,skucode,unitprice) VALUES ('Class aptent taciti sociosqu','condimentum eget, volutpat ornare, facilisis eget, ipsum. Donec sollicitudin adipiscing ligula. Aenean gravida nunc','UZU1558','22.75');
INSERT INTO product (title,description,skucode,unitprice) VALUES ('fames ac turpis egestas.','bibendum fermentum metus. Aenean sed pede nec ante blandit viverra. Donec tempus, lorem fringilla ornare placerat, orci','CAW8984','95.84');
INSERT INTO product (title,description,skucode,unitprice) VALUES ('eu enim. Etiam','nisl arcu iaculis enim, sit amet ornare lectus justo eu arcu. Morbi','BGI7188','83.63');
INSERT INTO product (title,description,skucode,unitprice) VALUES ('nisi. Mauris nulla. Integer','Phasellus nulla. Integer vulputate, risus a ultricies adipiscing, enim mi tempor lorem, eget','GKX8272','82.28');
INSERT INTO product (title,description,skucode,unitprice) VALUES ('vestibulum nec, euismod in, dolor.','dolor. Nulla semper tellus id nunc interdum feugiat. Sed nec metus','FGH3322','81.91');
INSERT INTO product (title,description,skucode,unitprice) VALUES ('ut cursus luctus, ipsum leo','fermentum metus. Aenean sed pede nec ante blandit viverra. Donec','XGW5600','44.68');
INSERT INTO product (title,description,skucode,unitprice) VALUES ('Nam ac nulla. In','a, auctor non, feugiat nec, diam. Duis mi enim, condimentum eget, volutpat ornare,','MKS2465','27.57');
INSERT INTO product (title,description,skucode,unitprice) VALUES ('venenatis vel, faucibus','ac libero nec ligula consectetuer rhoncus. Nullam velit dui, semper et, lacinia vitae,','CFU7573','36.33');
INSERT INTO product (title,description,skucode,unitprice) VALUES ('elit. Nulla facilisi.','lorem eu metus. In lorem. Donec elementum, lorem ut aliquam','YRT5066','15.75');
INSERT INTO product (title,description,skucode,unitprice) VALUES ('et magnis dis parturient','ridiculus mus. Proin vel arcu eu odio tristique pharetra. Quisque ac libero nec ligula consectetuer rhoncus. Nullam','TUV0601','15.43');
INSERT INTO product (title,description,skucode,unitprice) VALUES ('semper cursus. Integer mollis. Integer','magna. Ut tincidunt orci quis lectus. Nullam suscipit, est ac facilisis facilisis, magna tellus faucibus leo, in lobortis tellus justo','PZU6892','35.27');
INSERT INTO product (title,description,skucode,unitprice) VALUES ('eget massa. Suspendisse eleifend.','augue scelerisque mollis. Phasellus libero mauris, aliquam eu, accumsan sed, facilisis vitae, orci. Phasellus','TJE3995','8.35');
INSERT INTO product (title,description,skucode,unitprice) VALUES ('aliquet magna a neque. Nullam','Praesent eu nulla at sem molestie sodales. Mauris blandit enim consequat purus. Maecenas libero est, congue a,','YVI9017','78.88');
INSERT INTO product (title,description,skucode,unitprice) VALUES ('Sed eget lacus. Mauris non','nibh enim, gravida sit amet, dapibus id, blandit at, nisi. Cum sociis natoque penatibus et magnis dis parturient','NEC2086','16.87');
INSERT INTO product (title,description,skucode,unitprice) VALUES ('adipiscing ligula. Aenean','convallis convallis dolor. Quisque tincidunt pede ac urna. Ut tincidunt','KEC4493','95.60');
INSERT INTO product (title,description,skucode,unitprice) VALUES ('blandit congue. In scelerisque','dui, in sodales elit erat vitae risus. Duis a mi fringilla','KCM3833','85.79');
INSERT INTO product (title,description,skucode,unitprice) VALUES ('eu tempor erat neque','nunc risus varius orci, in consequat enim diam vel arcu. Curabitur ut odio vel est tempor bibendum. Donec felis orci,','TZT3271','48.07');
INSERT INTO product (title,description,skucode,unitprice) VALUES ('neque et nunc. Quisque ornare','tincidunt nibh. Phasellus nulla. Integer vulputate, risus a ultricies adipiscing, enim mi tempor lorem,','KKL0517','96.18');
INSERT INTO product (title,description,skucode,unitprice) VALUES ('venenatis a, magna. Lorem','odio. Aliquam vulputate ullamcorper magna. Sed eu eros. Nam consequat','TBA1738','47.04');
INSERT INTO product (title,description,skucode,unitprice) VALUES ('Curae; Donec tincidunt. Donec','augue porttitor interdum. Sed auctor odio a purus. Duis elementum, dui quis accumsan convallis, ante','YDN2429','14.63');
INSERT INTO product (title,description,skucode,unitprice) VALUES ('sed libero. Proin sed','natoque penatibus et magnis dis parturient montes, nascetur ridiculus mus. Donec dignissim magna','ZZA0735','63.45');
INSERT INTO product (title,description,skucode,unitprice) VALUES ('ut nisi a','tempor lorem, eget mollis lectus pede et risus. Quisque libero lacus,','JMJ6677','26.91');
INSERT INTO product (title,description,skucode,unitprice) VALUES ('eu tempor erat neque','Integer vulputate, risus a ultricies adipiscing, enim mi tempor lorem, eget mollis','SHC3316','54.57');
INSERT INTO product (title,description,skucode,unitprice) VALUES ('lacus. Quisque purus','velit egestas lacinia. Sed congue, elit sed consequat auctor, nunc nulla vulputate','BBG6422','38.90');
INSERT INTO product (title,description,skucode,unitprice) VALUES ('velit justo nec ante.','aliquet. Phasellus fermentum convallis ligula. Donec luctus aliquet odio. Etiam ligula tortor,','FLY2912','72.32');
INSERT INTO product (title,description,skucode,unitprice) VALUES ('condimentum. Donec at arcu. Vestibulum','magnis dis parturient montes, nascetur ridiculus mus. Proin vel arcu eu odio tristique pharetra. Quisque','CJD9186','99.67');
INSERT INTO product (title,description,skucode,unitprice) VALUES ('arcu iaculis enim, sit amet','vestibulum, neque sed dictum eleifend, nunc risus varius orci, in consequat enim diam vel arcu.','RPE7241','42.68');
INSERT INTO product (title,description,skucode,unitprice) VALUES ('purus ac tellus.','eget, volutpat ornare, facilisis eget, ipsum. Donec sollicitudin adipiscing ligula. Aenean gravida nunc','HKE0135','51.86');
INSERT INTO product (title,description,skucode,unitprice) VALUES ('felis eget varius ultrices, mauris','Praesent interdum ligula eu enim. Etiam imperdiet dictum magna. Ut','NIE4077','96.60');
INSERT INTO product (title,description,skucode,unitprice) VALUES ('pharetra, felis eget varius ultrices,','odio tristique pharetra. Quisque ac libero nec ligula consectetuer rhoncus. Nullam velit dui, semper et, lacinia vitae, sodales at, velit.','SQF0930','39.23');
INSERT INTO product (title,description,skucode,unitprice) VALUES ('sit amet, consectetuer adipiscing','est, mollis non, cursus non, egestas a, dui. Cras pellentesque. Sed dictum. Proin','ELI1298','1.97');
INSERT INTO product (title,description,skucode,unitprice) VALUES ('et, rutrum non, hendrerit id,','est. Nunc laoreet lectus quis massa. Mauris vestibulum, neque sed dictum eleifend, nunc risus varius orci, in consequat enim','JPU8305','20.85');
INSERT INTO product (title,description,skucode,unitprice) VALUES ('morbi tristique senectus','Sed eget lacus. Mauris non dui nec urna suscipit nonummy. Fusce fermentum fermentum arcu. Vestibulum ante ipsum primis','DLM5468','20.52');
INSERT INTO product (title,description,skucode,unitprice) VALUES ('odio sagittis semper. Nam','id sapien. Cras dolor dolor, tempus non, lacinia at, iaculis quis, pede. Praesent eu dui. Cum','EGM7642','42.57');
INSERT INTO product (title,description,skucode,unitprice) VALUES ('ornare, lectus ante dictum','vestibulum lorem, sit amet ultricies sem magna nec quam. Curabitur vel lectus. Cum sociis natoque penatibus et magnis dis parturient','ESP5010','67.54');
INSERT INTO product (title,description,skucode,unitprice) VALUES ('eget, ipsum. Donec sollicitudin adipiscing','sociis natoque penatibus et magnis dis parturient montes, nascetur ridiculus','DDN6961','60.89');
INSERT INTO product (title,description,skucode,unitprice) VALUES ('Vivamus euismod urna. Nullam','egestas, urna justo faucibus lectus, a sollicitudin orci sem eget massa. Suspendisse eleifend. Cras sed leo. Cras vehicula aliquet','BJL9046','89.32');
INSERT INTO product (title,description,skucode,unitprice) VALUES ('Aliquam fringilla cursus','ridiculus mus. Donec dignissim magna a tortor. Nunc commodo auctor velit. Aliquam nisl. Nulla eu neque pellentesque','ICO2081','60.56');
INSERT INTO product (title,description,skucode,unitprice) VALUES ('tristique neque venenatis lacus.','id, ante. Nunc mauris sapien, cursus in, hendrerit consectetuer, cursus et,','HHT4221','37.52');
INSERT INTO product (title,description,skucode,unitprice) VALUES ('porttitor eros nec tellus.','elit. Curabitur sed tortor. Integer aliquam adipiscing lacus. Ut nec','IIM4997','29.57');
INSERT INTO product (title,description,skucode,unitprice) VALUES ('elementum, dui quis accumsan','tortor. Integer aliquam adipiscing lacus. Ut nec urna et arcu imperdiet ullamcorper. Duis at lacus. Quisque','FNS7616','19.49');
INSERT INTO product (title,description,skucode,unitprice) VALUES ('porttitor scelerisque neque. Nullam nisl.','ligula. Donec luctus aliquet odio. Etiam ligula tortor, dictum eu, placerat eget,','IPN7225','19.06');
