--
-- 
--

DELETE FROM PARTYADDRESS;
DELETE FROM PARTY;
DELETE FROM ADDRESS;


INSERT INTO "address" (id,street1,street2,state,zipcode,countryid) VALUES (1, 204,'P.O. Box 240, 6700 Amet Avenue','Franche-Comté','01300',250);
INSERT INTO "address" (id,street1,street2,state,zipcode,countryid) VALUES (2, 65,'5621 Semper, Rd.','PO','34435',250);
INSERT INTO "address" (id,street1,street2,state,zipcode,countryid) VALUES (3, 133,'4325 In Rd.','DN','F37 9KT',826);
INSERT INTO "address" (id,street1,street2,state,zipcode,countryid) VALUES (4, 51,'P.O. Box 956, 9106 Commodo Rd.','Alsace','95209',250);
INSERT INTO "address" (id,street1,street2,state,zipcode,countryid) VALUES (5, 491,'Ap #138-1680 Nec, Rd.','Dumfriesshire','OK14 2UH',826);
INSERT INTO "address" (id,street1,street2,state,zipcode,countryid) VALUES (6, 68,'4509 Scelerisque St.','Lombardia','66800',380);
INSERT INTO "address" (id,street1,street2,state,zipcode,countryid) VALUES (7, 47,'700-7805 Cras Ave','Schleswig-Holstein','11116',276);
INSERT INTO "address" (id,street1,street2,state,zipcode,countryid) VALUES (8, 42,'Ap #149-923 Consectetuer St.','Molise','90902',380);
INSERT INTO "address" (id,street1,street2,state,zipcode,countryid) VALUES (9, 463,'361-1784 Tellus Av.','VE','74702',380);
INSERT INTO "address" (id,street1,street2,state,zipcode,countryid) VALUES (10, 208,'Ap #950-9522 Est, St.','MI','96471',250);
INSERT INTO "address" (id,street1,street2,state,zipcode,countryid) VALUES (11, 430,'1494 Convallis, Ave','BA','25367',380);
INSERT INTO "address" (id,street1,street2,state,zipcode,countryid) VALUES (12, 65,'P.O. Box 535, 8864 Dolor. Road','Toscana','85213',380);
INSERT INTO "address" (id,street1,street2,state,zipcode,countryid) VALUES (13, 369,'116-4243 Molestie St.','AY','ML99 8FU',826);
INSERT INTO "address" (id,street1,street2,state,zipcode,countryid) VALUES (14, 234,'4715 Amet St.','Franche-Comté','59300',250);
INSERT INTO "address" (id,street1,street2,state,zipcode,countryid) VALUES (15, 302,'667 Pharetra St.','ER','47386',380);
INSERT INTO "address" (id,street1,street2,state,zipcode,countryid) VALUES (16, 329,'P.O. Box 472, 221 Orci Rd.','Calabria','95398',380);
INSERT INTO "address" (id,street1,street2,state,zipcode,countryid) VALUES (17, 488,'Ap #626-9962 Dignissim Ave','BA','66131',380);
INSERT INTO "address" (id,street1,street2,state,zipcode,countryid) VALUES (18, 59,'Ap #937-681 Arcu Avenue','PI','86463',380);
INSERT INTO "address" (id,street1,street2,state,zipcode,countryid) VALUES (19, 357,'P.O. Box 537, 573 Nunc St.','Midi-Pyrénées','79731',250);
INSERT INTO "address" (id,street1,street2,state,zipcode,countryid) VALUES (20, 409,'678-2511 Molestie Street','Brandenburg','72065',276);
INSERT INTO "address" (id,street1,street2,state,zipcode,countryid) VALUES (21, 160,'P.O. Box 664, 9286 Eu, St.','SA','70042',380);
INSERT INTO "address" (id,street1,street2,state,zipcode,countryid) VALUES (22, 77,'Ap #336-9503 Pellentesque Avenue','Hampshire','HT6G 8JS',826);
INSERT INTO "address" (id,street1,street2,state,zipcode,countryid) VALUES (23, 209,'6833 Rutrum St.','Franche-Comté','87701',250);
INSERT INTO "address" (id,street1,street2,state,zipcode,countryid) VALUES (24, 355,'Ap #477-3433 Feugiat Avenue','Languedoc-Roussillon','86636',250);
INSERT INTO "address" (id,street1,street2,state,zipcode,countryid) VALUES (25, 240,'593-9688 Egestas St.','Baden','43710',276);
INSERT INTO "address" (id,street1,street2,state,zipcode,countryid) VALUES (26, 391,'P.O. Box 433, 6800 Ligula. Road','HE','74822',276);
INSERT INTO "address" (id,street1,street2,state,zipcode,countryid) VALUES (27, 388,'Ap #700-1866 Vulputate, Road','PI','76034',250);
INSERT INTO "address" (id,street1,street2,state,zipcode,countryid) VALUES (28, 323,'Ap #773-4502 Proin Ave','HB','77547',276);
INSERT INTO "address" (id,street1,street2,state,zipcode,countryid) VALUES (29, 265,'5299 Eget Rd.','Lombardia','93558',380);
INSERT INTO "address" (id,street1,street2,state,zipcode,countryid) VALUES (30, 116,'Ap #131-8400 Nibh Street','Kinross-shire','BD02 5JC',826);
INSERT INTO "address" (id,street1,street2,state,zipcode,countryid) VALUES (31, 479,'Ap #539-6542 Ligula St.','IL','31579',250);
INSERT INTO "address" (id,street1,street2,state,zipcode,countryid) VALUES (32, 322,'9791 Aliquam St.','UM','04562',380);
INSERT INTO "address" (id,street1,street2,state,zipcode,countryid) VALUES (33, 93,'Ap #651-3307 Purus. Street','Rhineland-Palatinate','06695',276);
INSERT INTO "address" (id,street1,street2,state,zipcode,countryid) VALUES (34, 128,'194-1268 Nunc Av.','Languedoc-Roussillon','10838',250);
INSERT INTO "address" (id,street1,street2,state,zipcode,countryid) VALUES (35, 91,'Ap #168-3391 Consequat, Rd.','Lazio','03737',380);
INSERT INTO "address" (id,street1,street2,state,zipcode,countryid) VALUES (36, 299,'153-1981 Orci Street','Baden','67669',276);
INSERT INTO "address" (id,street1,street2,state,zipcode,countryid) VALUES (37, 16,'Ap #715-6973 Interdum. Avenue','Languedoc-Roussillon','83390',250);
INSERT INTO "address" (id,street1,street2,state,zipcode,countryid) VALUES (38, 176,'923-2880 Lorem Rd.','Friuli-Venezia Giulia','30381',380);
INSERT INTO "address" (id,street1,street2,state,zipcode,countryid) VALUES (39, 236,'4823 Donec Ave','Haute-Normandie','79940',250);
INSERT INTO "address" (id,street1,street2,state,zipcode,countryid) VALUES (40, 151,'Ap #844-639 Eget, St.','Liguria','60459',380);
INSERT INTO "address" (id,street1,street2,state,zipcode,countryid) VALUES (41, 116,'5518 Ornare, St.','Schleswig-Holstein','50783',276);
INSERT INTO "address" (id,street1,street2,state,zipcode,countryid) VALUES (42, 444,'9335 Nisl Rd.','CE','08382',250);
INSERT INTO "address" (id,street1,street2,state,zipcode,countryid) VALUES (43, 19,'180-8487 Massa. Avenue','Devon','CO04 2HX',826);
INSERT INTO "address" (id,street1,street2,state,zipcode,countryid) VALUES (44, 267,'P.O. Box 739, 4537 Accumsan Street','MI','69485',250);
INSERT INTO "address" (id,street1,street2,state,zipcode,countryid) VALUES (45, 378,'Ap #424-2455 Tincidunt St.','Sicilia','51989',380);
INSERT INTO "address" (id,street1,street2,state,zipcode,countryid) VALUES (46, 221,'3777 Nascetur Road','Fife','JB39 5ZE',826);
INSERT INTO "address" (id,street1,street2,state,zipcode,countryid) VALUES (47, 392,'Ap #987-4848 Fringilla St.','Saxony-Anhalt','51018',276);
INSERT INTO "address" (id,street1,street2,state,zipcode,countryid) VALUES (48, 123,'970-6745 Dui Street','MV','52597',276);
INSERT INTO "address" (id,street1,street2,state,zipcode,countryid) VALUES (49, 464,'6666 Odio Avenue','Midi-Pyrénées','45071',250);
INSERT INTO "address" (id,street1,street2,state,zipcode,countryid) VALUES (50, 445,'697 Dapibus Avenue','Hamburg','69206',276);
INSERT INTO "address" (id,street1,street2,state,zipcode,countryid) VALUES (51, 313,'Ap #630-8258 Lorem, Ave','PI','24001',380);
INSERT INTO "address" (id,street1,street2,state,zipcode,countryid) VALUES (52, 123,'Ap #359-8779 Mauris Avenue','Angus','TJ2N 4YG',826);
INSERT INTO "address" (id,street1,street2,state,zipcode,countryid) VALUES (53, 246,'2488 Quis Av.','BY','39192',276);
INSERT INTO "address" (id,street1,street2,state,zipcode,countryid) VALUES (54, 174,'Ap #144-9716 Nam Avenue','NW','21341',276);
INSERT INTO "address" (id,street1,street2,state,zipcode,countryid) VALUES (55, 146,'9212 Aliquam St.','Molise','16706',380);
INSERT INTO "address" (id,street1,street2,state,zipcode,countryid) VALUES (56, 192,'2419 Ornare, Rd.','Bavaria','24107',276);
INSERT INTO "address" (id,street1,street2,state,zipcode,countryid) VALUES (57, 127,'612-2890 Mauris St.','Corse','43320',250);
INSERT INTO "address" (id,street1,street2,state,zipcode,countryid) VALUES (58, 155,'P.O. Box 725, 480 Massa. Rd.','Nord-Pas-de-Calais','19635',250);
INSERT INTO "address" (id,street1,street2,state,zipcode,countryid) VALUES (59, 24,'Ap #402-322 Tempus, Avenue','Essex','N6V 2PP',826);
INSERT INTO "address" (id,street1,street2,state,zipcode,countryid) VALUES (60, 251,'814-8190 At Ave','PR','23233',250);
INSERT INTO "address" (id,street1,street2,state,zipcode,countryid) VALUES (61, 366,'7245 Aliquam Av.','Huntingdonshire','A6 9NR',826);
INSERT INTO "address" (id,street1,street2,state,zipcode,countryid) VALUES (62, 66,'P.O. Box 942, 2546 Libero. St.','Kent','PC3 2BR',826);
INSERT INTO "address" (id,street1,street2,state,zipcode,countryid) VALUES (63, 399,'9392 Dui. Street','MO','53850',380);
INSERT INTO "address" (id,street1,street2,state,zipcode,countryid) VALUES (64, 201,'656-646 Venenatis Rd.','TA','92701',380);
INSERT INTO "address" (id,street1,street2,state,zipcode,countryid) VALUES (65, 233,'560-7328 Sed St.','Baden','03725',276);
INSERT INTO "address" (id,street1,street2,state,zipcode,countryid) VALUES (66, 480,'Ap #376-2275 Morbi St.','Brandenburg','78329',276);
INSERT INTO "address" (id,street1,street2,state,zipcode,countryid) VALUES (67, 385,'280-1397 Eget St.','NW','34938',276);
INSERT INTO "address" (id,street1,street2,state,zipcode,countryid) VALUES (68, 138,'3843 Sed Rd.','BA','28340',250);
INSERT INTO "address" (id,street1,street2,state,zipcode,countryid) VALUES (69, 271,'203-1960 Vulputate, Av.','Valle d''Aosta','65593',380);
INSERT INTO "address" (id,street1,street2,state,zipcode,countryid) VALUES (70, 454,'P.O. Box 204, 4027 Libero Street','Piemonte','60091',380);
INSERT INTO "address" (id,street1,street2,state,zipcode,countryid) VALUES (71, 420,'860-815 Pellentesque. Rd.','Schleswig-Holstein','77342',276);
INSERT INTO "address" (id,street1,street2,state,zipcode,countryid) VALUES (72, 153,'3544 Malesuada Avenue','Rhineland-Palatinate','72790',276);
INSERT INTO "address" (id,street1,street2,state,zipcode,countryid) VALUES (73, 42,'Ap #538-5592 Diam Rd.','CA','WZ1L 2SP',826);
INSERT INTO "address" (id,street1,street2,state,zipcode,countryid) VALUES (74, 92,'289-1778 Facilisis St.','KE','TS9 2QC',826);
INSERT INTO "address" (id,street1,street2,state,zipcode,countryid) VALUES (75, 231,'658-9293 Lacus. St.','PU','21594',380);
INSERT INTO "address" (id,street1,street2,state,zipcode,countryid) VALUES (76, 223,'P.O. Box 656, 7204 Sem Street','AU','65288',250);
INSERT INTO "address" (id,street1,street2,state,zipcode,countryid) VALUES (77, 210,'2259 Sed, Ave','LO','17303',250);
INSERT INTO "address" (id,street1,street2,state,zipcode,countryid) VALUES (78, 33,'Ap #601-5542 Sapien. St.','ER','73512',380);
INSERT INTO "address" (id,street1,street2,state,zipcode,countryid) VALUES (79, 199,'Ap #580-9661 Bibendum. Avenue','LO','14760',250);
INSERT INTO "address" (id,street1,street2,state,zipcode,countryid) VALUES (80, 463,'489-4416 Parturient Street','CA','31629',380);
INSERT INTO "address" (id,street1,street2,state,zipcode,countryid) VALUES (81, 86,'339-6345 Fringilla Av.','LO','46159',380);
INSERT INTO "address" (id,street1,street2,state,zipcode,countryid) VALUES (82, 466,'Ap #642-504 Molestie Street','RU','NA9H 5JF',826);
INSERT INTO "address" (id,street1,street2,state,zipcode,countryid) VALUES (83, 404,'555-2335 Sit St.','Pembrokeshire','F8R 1KB',826);
INSERT INTO "address" (id,street1,street2,state,zipcode,countryid) VALUES (84, 238,'P.O. Box 577, 9597 Mollis Street','Dorset','SQ28 0NL',826);
INSERT INTO "address" (id,street1,street2,state,zipcode,countryid) VALUES (85, 46,'819 Consectetuer Road','SI','70874',380);
INSERT INTO "address" (id,street1,street2,state,zipcode,countryid) VALUES (86, 334,'Ap #706-9160 Eu Street','CO','97947',250);
INSERT INTO "address" (id,street1,street2,state,zipcode,countryid) VALUES (87, 492,'Ap #610-743 Sed Av.','HE','95946',276);
INSERT INTO "address" (id,street1,street2,state,zipcode,countryid) VALUES (88, 448,'656-8578 Pharetra. Rd.','Basilicata','69956',380);
INSERT INTO "address" (id,street1,street2,state,zipcode,countryid) VALUES (89, 165,'Ap #765-1940 Ante. Street','Provence-Alpes-Côte d''Azur','57944',250);
INSERT INTO "address" (id,street1,street2,state,zipcode,countryid) VALUES (90, 352,'546-4668 Sed Ave','AB','RO1 2AT',826);
INSERT INTO "address" (id,street1,street2,state,zipcode,countryid) VALUES (91, 453,'9472 A Ave','Yorkshire','EX4W 5XZ',826);
INSERT INTO "address" (id,street1,street2,state,zipcode,countryid) VALUES (92, 131,'9727 Sed St.','Wiltshire','HB4 5RC',826);
INSERT INTO "address" (id,street1,street2,state,zipcode,countryid) VALUES (93, 452,'103-9574 Torquent Avenue','Limousin','11235',250);
INSERT INTO "address" (id,street1,street2,state,zipcode,countryid) VALUES (94, 185,'P.O. Box 485, 4087 Porta Rd.','PR','79042',250);
INSERT INTO "address" (id,street1,street2,state,zipcode,countryid) VALUES (95, 6,'8978 Mauris, Road','CH','24388',250);
INSERT INTO "address" (id,street1,street2,state,zipcode,countryid) VALUES (96, 60,'Ap #713-5529 Eros Road','Corse','42129',250);
INSERT INTO "address" (id,street1,street2,state,zipcode,countryid) VALUES (97, 423,'303-2048 Mollis. Avenue','Ross-shire','H44 4OM',826);
INSERT INTO "address" (id,street1,street2,state,zipcode,countryid) VALUES (98, 221,'389-3658 Accumsan Rd.','Nord-Pas-de-Calais','03865',250);
INSERT INTO "address" (id,street1,street2,state,zipcode,countryid) VALUES (99, 326,'776-8386 Mollis Rd.','Aquitaine','33518',250);
INSERT INTO "address" (id,street1,street2,state,zipcode,countryid) VALUES (100, 14,'2431 Sagittis Av.','Mecklenburg-Vorpommern','31431',276);



INSERT INTO "party" (id,name,phone,fax,email) VALUES (1,'Donec Vitae Erat PC','1-862-761-5839','1-866-924-0950','dignissim.tempor.arcu@ascelerisque.edu');
INSERT INTO "party" (id,name,phone,fax,email) VALUES (2,'Nunc Commodo Auctor LLC','1-821-560-6666','1-194-877-2239','pede.ac.urna@luctusCurabituregestas.net');
INSERT INTO "party" (id,name,phone,fax,email) VALUES (3,'Feugiat Inc.','1-305-110-8572','983-3109','pharetra.Nam.ac@nullaat.co.uk');
INSERT INTO "party" (id,name,phone,fax,email) VALUES (4,'Aenean Egestas Hendrerit LLC','1-614-534-8355','1-820-920-3529','fringilla.mi@posuereenim.com');
INSERT INTO "party" (id,name,phone,fax,email) VALUES (5,'Sed Pede LLC','422-4504','107-9039','in.tempus.eu@pharetrased.com');
INSERT INTO "party" (id,name,phone,fax,email) VALUES (6,'Augue Id Ante LLP','1-324-563-3685','963-9613','augue.ac.ipsum@Curabiturconsequatlectus.ca');
INSERT INTO "party" (id,name,phone,fax,email) VALUES (7,'Penatibus Corp.','1-859-482-3205','1-985-658-7610','elit.pede.malesuada@magnaDuis.co.uk');
INSERT INTO "party" (id,name,phone,fax,email) VALUES (8,'Dignissim Consulting','1-394-735-0236','124-5224','sem@netusetmalesuada.net');
INSERT INTO "party" (id,name,phone,fax,email) VALUES (9,'Sit Amet Corporation','785-0514','707-1806','risus@penatibus.com');
INSERT INTO "party" (id,name,phone,fax,email) VALUES (10,'Duis PC','705-0657','961-6568','molestie.dapibus@ullamcorperviverraMaecenas.net');
INSERT INTO "party" (id,name,phone,fax,email) VALUES (11,'Lorem Company','1-282-469-1348','511-4815','pharetra@ametnulla.ca');
INSERT INTO "party" (id,name,phone,fax,email) VALUES (12,'Rhoncus Donec Associates','369-2525','1-120-182-0626','magna@sedturpisnec.ca');
INSERT INTO "party" (id,name,phone,fax,email) VALUES (13,'Nisl Incorporated','1-649-529-0817','1-959-182-2671','sed@vel.com');
INSERT INTO "party" (id,name,phone,fax,email) VALUES (14,'Nulla Ante PC','1-742-761-5620','424-7051','tristique@dapibus.ca');
INSERT INTO "party" (id,name,phone,fax,email) VALUES (15,'Velit Pellentesque Institute','490-6911','1-450-161-3488','lorem@Curabiturdictum.edu');
INSERT INTO "party" (id,name,phone,fax,email) VALUES (16,'Feugiat Institute','1-327-247-8417','1-704-528-6579','amet.lorem.semper@ante.ca');
INSERT INTO "party" (id,name,phone,fax,email) VALUES (17,'Fusce Feugiat Lorem Limited','418-0091','976-6332','ac.nulla.In@et.net');
INSERT INTO "party" (id,name,phone,fax,email) VALUES (18,'Sit Amet Limited','1-302-421-1798','1-170-636-4201','libero.Proin.mi@ultricies.edu');
INSERT INTO "party" (id,name,phone,fax,email) VALUES (19,'Tincidunt Associates','257-5120','261-6330','ante@Vestibulumut.com');
INSERT INTO "party" (id,name,phone,fax,email) VALUES (20,'Quam Incorporated','1-183-433-9911','692-1414','lectus.sit@quis.com');
INSERT INTO "party" (id,name,phone,fax,email) VALUES (21,'Phasellus Foundation','673-9125','1-181-513-9356','nec.mollis.vitae@liberoProin.ca');
INSERT INTO "party" (id,name,phone,fax,email) VALUES (22,'Vitae Sodales Nisi Industries','1-174-900-0422','1-240-141-1622','vel.mauris.Integer@Morbisit.com');
INSERT INTO "party" (id,name,phone,fax,email) VALUES (23,'Primis In Faucibus Associates','1-848-369-9807','316-6577','velit.Cras@egetdictum.co.uk');
INSERT INTO "party" (id,name,phone,fax,email) VALUES (24,'Tellus Imperdiet Non Ltd','615-9943','316-5376','risus.Morbi@loremfringilla.co.uk');
INSERT INTO "party" (id,name,phone,fax,email) VALUES (25,'Urna Nunc Quis Corp.','1-380-556-8448','513-3503','sapien.cursus@mauriseuelit.edu');
INSERT INTO "party" (id,name,phone,fax,email) VALUES (26,'Vulputate Dui Nec Ltd','1-758-533-9008','1-114-962-7754','ut@gravidasagittisDuis.org');
INSERT INTO "party" (id,name,phone,fax,email) VALUES (27,'Vulputate Dui Institute','1-497-189-3032','1-105-567-0159','consectetuer@adipiscingelit.edu');
INSERT INTO "party" (id,name,phone,fax,email) VALUES (28,'Mi Tempor Industries','737-6691','732-8951','Vivamus.euismod@Inscelerisque.edu');
INSERT INTO "party" (id,name,phone,fax,email) VALUES (29,'In Sodales Corporation','1-664-610-5660','1-903-365-1346','purus@risus.co.uk');
INSERT INTO "party" (id,name,phone,fax,email) VALUES (30,'Magna Suspendisse Company','1-491-831-6679','1-310-924-9004','purus.Duis@estmaurisrhoncus.ca');
INSERT INTO "party" (id,name,phone,fax,email) VALUES (31,'Tristique Senectus Industries','556-0180','1-699-146-6858','et@orciPhasellusdapibus.ca');
INSERT INTO "party" (id,name,phone,fax,email) VALUES (32,'Risus Nunc Ac Company','361-6749','864-2239','Nunc.lectus.pede@mollis.edu');
INSERT INTO "party" (id,name,phone,fax,email) VALUES (33,'Euismod Limited','1-860-468-0844','1-256-165-3717','non.cursus@nuncIn.com');
INSERT INTO "party" (id,name,phone,fax,email) VALUES (34,'Non Corporation','1-987-577-3970','1-391-602-3977','ipsum.cursus@egestas.co.uk');
INSERT INTO "party" (id,name,phone,fax,email) VALUES (35,'Enim LLP','148-5967','424-9487','ultricies.ligula@Proinvelnisl.com');
INSERT INTO "party" (id,name,phone,fax,email) VALUES (36,'Quisque PC','876-0514','782-5792','tincidunt@Aeneanegestashendrerit.co.uk');
INSERT INTO "party" (id,name,phone,fax,email) VALUES (37,'Ornare Egestas Ligula Corp.','775-8435','788-3607','eget.ipsum.Suspendisse@temporest.org');
INSERT INTO "party" (id,name,phone,fax,email) VALUES (38,'Eget Dictum Institute','451-9949','787-4077','nascetur@nonenimMauris.org');
INSERT INTO "party" (id,name,phone,fax,email) VALUES (39,'Sem Ut Dolor Company','199-2532','560-0572','lobortis.quam@vehicularisusNulla.edu');
INSERT INTO "party" (id,name,phone,fax,email) VALUES (40,'Orci Ut Inc.','1-322-641-9473','972-2955','mollis@IntegermollisInteger.com');
INSERT INTO "party" (id,name,phone,fax,email) VALUES (41,'Iaculis Aliquet Associates','885-2239','1-643-320-7184','accumsan.laoreet.ipsum@disparturientmontes.org');
INSERT INTO "party" (id,name,phone,fax,email) VALUES (42,'Quisque Purus Sapien Company','1-850-731-5621','1-858-484-9718','et.lacinia@magnisdis.ca');
INSERT INTO "party" (id,name,phone,fax,email) VALUES (43,'Ligula Company','349-2473','1-177-877-4066','Nullam.suscipit@mus.co.uk');
INSERT INTO "party" (id,name,phone,fax,email) VALUES (44,'Lorem LLC','655-4673','828-7704','dolor.sit@sitametante.edu');
INSERT INTO "party" (id,name,phone,fax,email) VALUES (45,'Sociosqu Industries','542-7485','369-2952','dis.parturient@idenimCurabitur.org');
INSERT INTO "party" (id,name,phone,fax,email) VALUES (46,'Magna Nec Quam Corporation','330-4485','1-413-595-1126','cursus@urna.ca');
INSERT INTO "party" (id,name,phone,fax,email) VALUES (47,'Eleifend Nunc Risus LLC','1-386-437-6822','407-9037','facilisis.facilisis.magna@Nunc.org');
INSERT INTO "party" (id,name,phone,fax,email) VALUES (48,'Facilisis Vitae Orci Corp.','1-287-711-6470','1-613-449-1220','diam@Pellentesque.ca');
INSERT INTO "party" (id,name,phone,fax,email) VALUES (49,'Imperdiet Erat Industries','1-920-992-5189','1-317-265-1510','Nam.ac@scelerisquescelerisque.org');
INSERT INTO "party" (id,name,phone,fax,email) VALUES (50,'Eleifend Non Limited','893-6118','225-1397','Nunc.ac@ultricesVivamus.co.uk');



INSERT INTO PARTYADDRESS (partyid, addressid) values (1, 1);
INSERT INTO PARTYADDRESS (partyid, addressid) values (2, 2);
INSERT INTO PARTYADDRESS (partyid, addressid) values (3, 3);
INSERT INTO PARTYADDRESS (partyid, addressid) values (4, 4);
INSERT INTO PARTYADDRESS (partyid, addressid) values (5, 5);
INSERT INTO PARTYADDRESS (partyid, addressid) values (6, 6);
INSERT INTO PARTYADDRESS (partyid, addressid) values (7, 7);
INSERT INTO PARTYADDRESS (partyid, addressid) values (8, 8);
INSERT INTO PARTYADDRESS (partyid, addressid) values (9, 9);
INSERT INTO PARTYADDRESS (partyid, addressid) values (10, 10);
INSERT INTO PARTYADDRESS (partyid, addressid) values (11, 11);
INSERT INTO PARTYADDRESS (partyid, addressid) values (12, 12);
INSERT INTO PARTYADDRESS (partyid, addressid) values (13, 13);
INSERT INTO PARTYADDRESS (partyid, addressid) values (14, 14);
INSERT INTO PARTYADDRESS (partyid, addressid) values (15, 15);
INSERT INTO PARTYADDRESS (partyid, addressid) values (16, 16);
INSERT INTO PARTYADDRESS (partyid, addressid) values (17, 17);
INSERT INTO PARTYADDRESS (partyid, addressid) values (18, 18);
INSERT INTO PARTYADDRESS (partyid, addressid) values (19, 19);
INSERT INTO PARTYADDRESS (partyid, addressid) values (20, 20);
INSERT INTO PARTYADDRESS (partyid, addressid) values (21, 21);
INSERT INTO PARTYADDRESS (partyid, addressid) values (22, 22);
INSERT INTO PARTYADDRESS (partyid, addressid) values (23, 23);
INSERT INTO PARTYADDRESS (partyid, addressid) values (24, 24);
INSERT INTO PARTYADDRESS (partyid, addressid) values (25, 25);
INSERT INTO PARTYADDRESS (partyid, addressid) values (26, 26);
INSERT INTO PARTYADDRESS (partyid, addressid) values (27, 27);
INSERT INTO PARTYADDRESS (partyid, addressid) values (28, 28);
INSERT INTO PARTYADDRESS (partyid, addressid) values (29, 29);
INSERT INTO PARTYADDRESS (partyid, addressid) values (30, 30);
INSERT INTO PARTYADDRESS (partyid, addressid) values (31, 31);
INSERT INTO PARTYADDRESS (partyid, addressid) values (32, 32);
INSERT INTO PARTYADDRESS (partyid, addressid) values (33, 33);
INSERT INTO PARTYADDRESS (partyid, addressid) values (34, 34);
INSERT INTO PARTYADDRESS (partyid, addressid) values (35, 35);
INSERT INTO PARTYADDRESS (partyid, addressid) values (36, 36);
INSERT INTO PARTYADDRESS (partyid, addressid) values (37, 37);
INSERT INTO PARTYADDRESS (partyid, addressid) values (38, 38);
INSERT INTO PARTYADDRESS (partyid, addressid) values (39, 39);
INSERT INTO PARTYADDRESS (partyid, addressid) values (40, 40);
INSERT INTO PARTYADDRESS (partyid, addressid) values (41, 41);
INSERT INTO PARTYADDRESS (partyid, addressid) values (42, 42);
INSERT INTO PARTYADDRESS (partyid, addressid) values (43, 43);
INSERT INTO PARTYADDRESS (partyid, addressid) values (44, 44);
INSERT INTO PARTYADDRESS (partyid, addressid) values (45, 45);
INSERT INTO PARTYADDRESS (partyid, addressid) values (46, 46);
INSERT INTO PARTYADDRESS (partyid, addressid) values (47, 47);
INSERT INTO PARTYADDRESS (partyid, addressid) values (48, 48);
INSERT INTO PARTYADDRESS (partyid, addressid) values (49, 49);
INSERT INTO PARTYADDRESS (partyid, addressid) values (50, 50);

INSERT INTO PARTYADDRESS (partyid, addressid) values (1, 51);
INSERT INTO PARTYADDRESS (partyid, addressid) values (2, 52);
INSERT INTO PARTYADDRESS (partyid, addressid) values (3, 53);
INSERT INTO PARTYADDRESS (partyid, addressid) values (4, 54);
INSERT INTO PARTYADDRESS (partyid, addressid) values (5, 55);
INSERT INTO PARTYADDRESS (partyid, addressid) values (6, 56);
INSERT INTO PARTYADDRESS (partyid, addressid) values (7, 57);
INSERT INTO PARTYADDRESS (partyid, addressid) values (8, 58);
INSERT INTO PARTYADDRESS (partyid, addressid) values (9, 59);
INSERT INTO PARTYADDRESS (partyid, addressid) values (10, 60);
INSERT INTO PARTYADDRESS (partyid, addressid) values (11, 61);
INSERT INTO PARTYADDRESS (partyid, addressid) values (12, 62);
INSERT INTO PARTYADDRESS (partyid, addressid) values (13, 63);
INSERT INTO PARTYADDRESS (partyid, addressid) values (14, 64);
INSERT INTO PARTYADDRESS (partyid, addressid) values (15, 65);
INSERT INTO PARTYADDRESS (partyid, addressid) values (16, 66);
INSERT INTO PARTYADDRESS (partyid, addressid) values (17, 67);
INSERT INTO PARTYADDRESS (partyid, addressid) values (18, 68);
INSERT INTO PARTYADDRESS (partyid, addressid) values (19, 69);
INSERT INTO PARTYADDRESS (partyid, addressid) values (20, 70);
INSERT INTO PARTYADDRESS (partyid, addressid) values (21, 71);
INSERT INTO PARTYADDRESS (partyid, addressid) values (22, 72);
INSERT INTO PARTYADDRESS (partyid, addressid) values (23, 73);
INSERT INTO PARTYADDRESS (partyid, addressid) values (24, 74);
INSERT INTO PARTYADDRESS (partyid, addressid) values (25, 75);
INSERT INTO PARTYADDRESS (partyid, addressid) values (26, 76);
INSERT INTO PARTYADDRESS (partyid, addressid) values (27, 77);
INSERT INTO PARTYADDRESS (partyid, addressid) values (28, 78);
INSERT INTO PARTYADDRESS (partyid, addressid) values (29, 79);
INSERT INTO PARTYADDRESS (partyid, addressid) values (30, 80);
INSERT INTO PARTYADDRESS (partyid, addressid) values (31, 81);
INSERT INTO PARTYADDRESS (partyid, addressid) values (32, 82);
INSERT INTO PARTYADDRESS (partyid, addressid) values (33, 83);
INSERT INTO PARTYADDRESS (partyid, addressid) values (34, 84);
INSERT INTO PARTYADDRESS (partyid, addressid) values (35, 85);
INSERT INTO PARTYADDRESS (partyid, addressid) values (36, 86);
INSERT INTO PARTYADDRESS (partyid, addressid) values (37, 87);
INSERT INTO PARTYADDRESS (partyid, addressid) values (38, 88);
INSERT INTO PARTYADDRESS (partyid, addressid) values (39, 89);
INSERT INTO PARTYADDRESS (partyid, addressid) values (40, 90);
INSERT INTO PARTYADDRESS (partyid, addressid) values (41, 91);
INSERT INTO PARTYADDRESS (partyid, addressid) values (42, 92);
INSERT INTO PARTYADDRESS (partyid, addressid) values (43, 93);
INSERT INTO PARTYADDRESS (partyid, addressid) values (44, 94);
INSERT INTO PARTYADDRESS (partyid, addressid) values (45, 95);
INSERT INTO PARTYADDRESS (partyid, addressid) values (46, 96);
INSERT INTO PARTYADDRESS (partyid, addressid) values (47, 97);
INSERT INTO PARTYADDRESS (partyid, addressid) values (48, 98);
INSERT INTO PARTYADDRESS (partyid, addressid) values (49, 99);
INSERT INTO PARTYADDRESS (partyid, addressid) values (50, 100);



